OBJECTID;CODIGO;TIPO_CONST;TIPO_DOMIN;NUMERO_PIS;IDENTIFICA;GRIDCODE;Area_ha;Amenaza;Grado;Escenario;Escala
1;544980101000001720008000000000;CONVENCIONAL;PRIVADO;1;A;3;0,00480564000;Alta;3;Avenida Torrencial;1:2.000
2;544980101000001720009000000000;CONVENCIONAL;PRIVADO;1;A;3;0,00244729000;Alta;3;Avenida Torrencial;1:2.000
3;544980101000001720002000000000;CONVENCIONAL;PRIVADO;1;A;3;0,00086614800;Alta;3;Avenida Torrencial;1:2.000
4;544980103000002210007000000000;CONVENCIONAL;PRIVADO;1;B;3;0,00256920000;Alta;3;Avenida Torrencial;1:2.000
5;544980103000002210008000000000;CONVENCIONAL;PRIVADO;2;A;3;0,00443309000;Alta;3;Avenida Torrencial;1:2.000
6;544980103000002210009000000000;CONVENCIONAL;PRIVADO;2;A;3;0,00499603000;Alta;3;Avenida Torrencial;1:2.000
7;544980103000002210010000000000;CONVENCIONAL;PRIVADO;2;A;3;0,00415354000;Alta;3;Avenida Torrencial;1:2.000
8;544980103000002210011000000000;CONVENCIONAL;PRIVADO;2;A;3;0,00495228000;Alta;3;Avenida Torrencial;1:2.000
9;544980103000002210012000000000;CONVENCIONAL;PRIVADO;1;A;3;0,00399862000;Alta;3;Avenida Torrencial;1:2.000
10;544980103000002210019000000000;CONVENCIONAL;PRIVADO;2;A;3;0,00757626000;Alta;3;Avenida Torrencial;1:2.000
11;544980103000002210020000000000;CONVENCIONAL;PRIVADO;2;A;3;0,00716823000;Alta;3;Avenida Torrencial;1:2.000
12;544980103000002210023000000000;CONVENCIONAL;PRIVADO;3;A;3;0,00407002000;Alta;3;Avenida Torrencial;1:2.000
13;544980103000002210008000000000;CONVENCIONAL;PRIVADO;2;A;3;0,00065616200;Alta;3;Avenida Torrencial;1:2.000
14;544980103000002210008000000000;CONVENCIONAL;PRIVADO;3;A;3;0,00069765200;Alta;3;Avenida Torrencial;1:2.000
15;544980103000002210023000000000;CONVENCIONAL;PRIVADO;2;A;3;0,00219920000;Alta;3;Avenida Torrencial;1:2.000
16;544980103000002210009000000000;CONVENCIONAL;PRIVADO;1;A;3;0,00073353900;Alta;3;Avenida Torrencial;1:2.000
17;544980103000002210011000000000;CONVENCIONAL;PRIVADO;1;A;3;0,00070946300;Alta;3;Avenida Torrencial;1:2.000
18;544980103000002210020000000000;CONVENCIONAL;PRIVADO;1;A;3;0,00125665000;Alta;3;Avenida Torrencial;1:2.000
19;544980103000005080002000000000;CONVENCIONAL;PRIVADO;1;A;3;0,00830491000;Alta;3;Avenida Torrencial;1:2.000
20;544980103000005080003000000000;CONVENCIONAL;PRIVADO;1;A;3;0,00622461000;Alta;3;Avenida Torrencial;1:2.000
21;544980103000005080003000000000;CONVENCIONAL;PRIVADO;1;B;3;0,01222110000;Alta;3;Avenida Torrencial;1:2.000
22;544980103000005080003000000000;CONVENCIONAL;PRIVADO;1;A;3;0,00623214000;Alta;3;Avenida Torrencial;1:2.000
23;544980103000005080002000000000;CONVENCIONAL;PRIVADO;2;A;3;0,00165455000;Alta;3;Avenida Torrencial;1:2.000
24;544980103000005080001000000000;CONVENCIONAL;PRIVADO;2;A;3;0,00547427000;Alta;3;Avenida Torrencial;1:2.000
25;544980103000005080001000000000;CONVENCIONAL;PRIVADO;1;A;3;0,00000010410;Alta;3;Avenida Torrencial;1:2.000
26;544980103000005090001000000000;CONVENCIONAL;PRIVADO;1;A;3;0,00746349000;Alta;3;Avenida Torrencial;1:2.000
27;544980103000003330002000000000;CONVENCIONAL;PRIVADO;1;A;3;0,00292550000;Alta;3;Avenida Torrencial;1:2.000
28;544980103000003330001000000000;CONVENCIONAL;PRIVADO;1;A;3;0,00013354600;Alta;3;Avenida Torrencial;1:2.000
29;544980101000001890007000000000;CONVENCIONAL;PRIVADO;1;A;3;0,00192229000;Alta;3;Avenida Torrencial;1:2.000
30;544980101000001880001000000000;CONVENCIONAL;PRIVADO;1;A;3;0,01166530000;Alta;3;Avenida Torrencial;1:2.000
31;544980101000001880002000000000;CONVENCIONAL;PRIVADO;1;A;3;0,01241460000;Alta;3;Avenida Torrencial;1:2.000
32;544980101000001880003000000000;CONVENCIONAL;PRIVADO;1;A;3;0,00181719000;Alta;3;Avenida Torrencial;1:2.000
33;544980103000002800002000000000;CONVENCIONAL;PRIVADO;1;A;3;0,00671955000;Alta;3;Avenida Torrencial;1:2.000
34;544980103000002800003000000000;CONVENCIONAL;PRIVADO;1;A;3;0,00951653000;Alta;3;Avenida Torrencial;1:2.000
35;544980103000002800004000000000;CONVENCIONAL;PRIVADO;1;A;3;0,00790649000;Alta;3;Avenida Torrencial;1:2.000
36;544980103000002800006000000000;CONVENCIONAL;PRIVADO;1;A;3;0,00656102000;Alta;3;Avenida Torrencial;1:2.000
37;544980103000002800007000000000;CONVENCIONAL;PRIVADO;1;A;3;0,00568022000;Alta;3;Avenida Torrencial;1:2.000
38;544980103000002800008000000000;CONVENCIONAL;PRIVADO;1;A;3;0,00511330000;Alta;3;Avenida Torrencial;1:2.000
39;544980103000002800009000000000;CONVENCIONAL;PRIVADO;1;A;3;0,00333943000;Alta;3;Avenida Torrencial;1:2.000
40;544980103000002800010000000000;CONVENCIONAL;PRIVADO;1;A;3;0,00382031000;Alta;3;Avenida Torrencial;1:2.000
41;544980103000002800011000000000;CONVENCIONAL;PRIVADO;2;A;3;0,00346895000;Alta;3;Avenida Torrencial;1:2.000
42;544980103000002800012000000000;CONVENCIONAL;PRIVADO;1;A;3;0,00510393000;Alta;3;Avenida Torrencial;1:2.000
43;544980103000002800013000000000;CONVENCIONAL;PRIVADO;1;A;3;0,00549945000;Alta;3;Avenida Torrencial;1:2.000
44;544980103000002800014000000000;CONVENCIONAL;PRIVADO;1;A;3;0,00352688000;Alta;3;Avenida Torrencial;1:2.000
45;544980103000002800005000000000;CONVENCIONAL;PRIVADO;1;A;3;0,00141361000;Alta;3;Avenida Torrencial;1:2.000
46;544980103000002800005000000000;CONVENCIONAL;PRIVADO;2;A;3;0,00265055000;Alta;3;Avenida Torrencial;1:2.000
47;544980103000002800005000000000;CONVENCIONAL;PRIVADO;1;A;3;0,00126745000;Alta;3;Avenida Torrencial;1:2.000
48;544980103000002800007500000001;CONVENCIONAL;PRIVADO;1;A;3;0,00097776300;Alta;3;Avenida Torrencial;1:2.000
49;544980103000002800015500000005;CONVENCIONAL;PRIVADO;1;A;3;0,00183943000;Alta;3;Avenida Torrencial;1:2.000
50;544980103000002800015500000004;CONVENCIONAL;PRIVADO;1;A;3;0,00083418700;Alta;3;Avenida Torrencial;1:2.000
51;544980103000002800015500000003;CONVENCIONAL;PRIVADO;1;A;3;0,00221350000;Alta;3;Avenida Torrencial;1:2.000
52;544980103000002800015500000002;CONVENCIONAL;PRIVADO;1;A;3;0,00223423000;Alta;3;Avenida Torrencial;1:2.000
53;544980101000002180001500000001;CONVENCIONAL;PRIVADO;1;A;3;0,00394789000;Alta;3;Avenida Torrencial;1:2.000
54;544980101000002180001500000002;CONVENCIONAL;PRIVADO;1;A;3;0,00296046000;Alta;3;Avenida Torrencial;1:2.000
55;544980101000002180001500000004;CONVENCIONAL;PRIVADO;1;A;3;0,00688366000;Alta;3;Avenida Torrencial;1:2.000
56;544980101000002180001500000003;CONVENCIONAL;PRIVADO;1;A;3;0,00321622000;Alta;3;Avenida Torrencial;1:2.000
57;544980101000001950001500000001;CONVENCIONAL;PRIVADO;1;A;3;0,00362147000;Alta;3;Avenida Torrencial;1:2.000
58;544980101000001950001000000000;CONVENCIONAL;PRIVADO;1;A;3;0,00097216400;Alta;3;Avenida Torrencial;1:2.000
59;544980101000001910029000000000;CONVENCIONAL;PRIVADO;1;A;3;0,00230362000;Alta;3;Avenida Torrencial;1:2.000
60;544980101000001880015000000000;CONVENCIONAL;PRIVADO;1;A;3;0,00000093340;Alta;3;Avenida Torrencial;1:2.000
61;544980101000001880001500000001;CONVENCIONAL;PRIVADO;1;A;3;0,00604014000;Alta;3;Avenida Torrencial;1:2.000
62;544980101000001860004000000000;CONVENCIONAL;PRIVADO;1;A;3;0,00023719200;Alta;3;Avenida Torrencial;1:2.000
63;544980101000001850001000000000;CONVENCIONAL;PRIVADO;2;A;3;0,01053020000;Alta;3;Avenida Torrencial;1:2.000
64;544980101000001850003000000000;CONVENCIONAL;PRIVADO;1;A;3;0,00654198000;Alta;3;Avenida Torrencial;1:2.000
65;544980101000001850004000000000;CONVENCIONAL;PRIVADO;1;A;3;0,00899065000;Alta;3;Avenida Torrencial;1:2.000
66;544980101000001850003000000000;CONVENCIONAL;PRIVADO;1;B;3;0,00432918000;Alta;3;Avenida Torrencial;1:2.000
67;544980101000001850004000000000;CONVENCIONAL;PRIVADO;1;B;3;0,00183001000;Alta;3;Avenida Torrencial;1:2.000
68;544980101000001850004000000000;CONVENCIONAL;PRIVADO;1;A;3;0,00061474100;Alta;3;Avenida Torrencial;1:2.000
69;544980101000001850005000000000;CONVENCIONAL;PRIVADO;1;A;3;0,01133170000;Alta;3;Avenida Torrencial;1:2.000
70;544980101000001830001000000000;CONVENCIONAL;PRIVADO;1;A;3;0,00854525000;Alta;3;Avenida Torrencial;1:2.000
71;544980101000001830002500000002;CONVENCIONAL;PRIVADO;1;A;3;0,00497957000;Alta;3;Avenida Torrencial;1:2.000
72;544980101000001830001500000001;CONVENCIONAL;PRIVADO;1;A;3;0,00298476000;Alta;3;Avenida Torrencial;1:2.000
73;544980101000001830002000000000;CONVENCIONAL;PRIVADO;1;A;3;0,00831459000;Alta;3;Avenida Torrencial;1:2.000
74;544980101000001780001000000000;CONVENCIONAL;PRIVADO;1;C;3;0,00827443000;Alta;3;Avenida Torrencial;1:2.000
75;544980101000001780001000000000;CONVENCIONAL;PRIVADO;1;C;3;0,00008192140;Alta;3;Avenida Torrencial;1:2.000
76;544980101000001720008000000000;CONVENCIONAL;PRIVADO;1;B;3;0,00319578000;Alta;3;Avenida Torrencial;1:2.000
77;544980101000001680002000000000;CONVENCIONAL;PRIVADO;1;A;3;0,00099174800;Alta;3;Avenida Torrencial;1:2.000
78;544980101000001680015000000000;CONVENCIONAL;PRIVADO;1;A;3;0,00977733000;Alta;3;Avenida Torrencial;1:2.000
79;544980101000001680017000000000;CONVENCIONAL;PRIVADO;1;A;3;0,03255220000;Alta;3;Avenida Torrencial;1:2.000
80;544980101000001680016000000000;CONVENCIONAL;PRIVADO;1;A;3;0,00924333000;Alta;3;Avenida Torrencial;1:2.000
81;544980101000001680016000000000;CONVENCIONAL;PRIVADO;1;B;3;0,00171486000;Alta;3;Avenida Torrencial;1:2.000
82;544980101000001680016000000000;CONVENCIONAL;PRIVADO;1;A;3;0,00550448000;Alta;3;Avenida Torrencial;1:2.000
83;544980101000001680016000000000;CONVENCIONAL;PRIVADO;1;B;3;0,00242784000;Alta;3;Avenida Torrencial;1:2.000
84;544980101000001680015000000000;CONVENCIONAL;PRIVADO;1;A;3;0,00104406000;Alta;3;Avenida Torrencial;1:2.000
85;544980101000001680015000000000;CONVENCIONAL;PRIVADO;1;B;3;0,00057858800;Alta;3;Avenida Torrencial;1:2.000
86;544980101000000730002000000000;CONVENCIONAL;PRIVADO;1;A;3;0,00633821000;Alta;3;Avenida Torrencial;1:2.000
87;544980101000001580024500000001;CONVENCIONAL;PRIVADO;2;B;3;0,00138411000;Alta;3;Avenida Torrencial;1:2.000
88;544980101000001580024500000003;CONVENCIONAL;PRIVADO;1;A;3;0,00015926200;Alta;3;Avenida Torrencial;1:2.000
89;544980101000001580024000000000;CONVENCIONAL;PRIVADO;1;A;3;0,00047452600;Alta;3;Avenida Torrencial;1:2.000
90;544980101000001580024500000002;CONVENCIONAL;PRIVADO;1;A;3;0,00073221500;Alta;3;Avenida Torrencial;1:2.000
91;544980101000001580024000000000;CONVENCIONAL;PRIVADO;3;A;3;0,00048706200;Alta;3;Avenida Torrencial;1:2.000
92;544980101000001580024000000000;CONVENCIONAL;PRIVADO;1;B;3;0,00276742000;Alta;3;Avenida Torrencial;1:2.000
93;544980103000000020005000000000;CONVENCIONAL;PRIVADO;1;A;3;0,00710520000;Alta;3;Avenida Torrencial;1:2.000
94;544980103000000020006000000000;CONVENCIONAL;PRIVADO;1;A;3;0,00518841000;Alta;3;Avenida Torrencial;1:2.000
95;544980103000000020007000000000;CONVENCIONAL;PRIVADO;1;A;3;0,00366276000;Alta;3;Avenida Torrencial;1:2.000
96;544980103000000050012000000000;CONVENCIONAL;PRIVADO;1;A;3;0,00146758000;Alta;3;Avenida Torrencial;1:2.000
97;544980103000000050007000000000;CONVENCIONAL;PRIVADO;1;A;3;0,00100982000;Alta;3;Avenida Torrencial;1:2.000
98;544980103000000050004000000000;CONVENCIONAL;PRIVADO;1;A;3;0,00922174000;Alta;3;Avenida Torrencial;1:2.000
99;544980103000000050002000000000;CONVENCIONAL;PRIVADO;1;A;3;0,00671088000;Alta;3;Avenida Torrencial;1:2.000
100;544980103000000050013000000000;CONVENCIONAL;PRIVADO;1;A;3;0,00001821450;Alta;3;Avenida Torrencial;1:2.000
101;544980103000000050014000000000;CONVENCIONAL;PRIVADO;1;A;3;0,00047680200;Alta;3;Avenida Torrencial;1:2.000
102;544980103000000050005000000000;CONVENCIONAL;PRIVADO;1;A;3;0,00057367800;Alta;3;Avenida Torrencial;1:2.000
103;544980103000000050003000000000;CONVENCIONAL;PRIVADO;2;B;3;0,00003224420;Alta;3;Avenida Torrencial;1:2.000
104;544980103000001130002000000000;CONVENCIONAL;PRIVADO;1;A;3;0,00195632000;Alta;3;Avenida Torrencial;1:2.000
105;544980103000001130003000000000;CONVENCIONAL;PRIVADO;1;A;3;0,00602359000;Alta;3;Avenida Torrencial;1:2.000
106;544980103000001130004000000000;CONVENCIONAL;PRIVADO;1;A;3;0,00807423000;Alta;3;Avenida Torrencial;1:2.000
107;544980103000001130004000000000;CONVENCIONAL;PRIVADO;2;B;3;0,00276460000;Alta;3;Avenida Torrencial;1:2.000
108;544980103000001130003000000000;CONVENCIONAL;PRIVADO;2;B;3;0,00263398000;Alta;3;Avenida Torrencial;1:2.000
109;544980103000000770019000000000;CONVENCIONAL;PRIVADO;1;A;3;0,00262498000;Alta;3;Avenida Torrencial;1:2.000
110;544980101000000180034000000000;CONVENCIONAL;PRIVADO;1;A;3;0,00697337000;Alta;3;Avenida Torrencial;1:2.000
111;544980101000000730003000000000;CONVENCIONAL;PRIVADO;1;A;3;0,00000004923;Alta;3;Avenida Torrencial;1:2.000
112;544980101000000180031000000000;CONVENCIONAL;PRIVADO;1;A;3;0,01621730000;Alta;3;Avenida Torrencial;1:2.000
113;544980101000000180024000000000;CONVENCIONAL;PRIVADO;1;A;3;0,01643060000;Alta;3;Avenida Torrencial;1:2.000
114;544980101000000180020000000000;CONVENCIONAL;PRIVADO;1;B;3;0,00099205600;Alta;3;Avenida Torrencial;1:2.000
115;544980101000000180001000000000;CONVENCIONAL;PRIVADO;1;A;3;0,00020173500;Alta;3;Avenida Torrencial;1:2.000
116;544980101000000180001000000000;CONVENCIONAL;PRIVADO;1;A;3;0,00499414000;Alta;3;Avenida Torrencial;1:2.000
117;544980101000000180034000000000;CONVENCIONAL;PRIVADO;1;A;3;0,00188367000;Alta;3;Avenida Torrencial;1:2.000
118;544980101000000710001000000000;CONVENCIONAL;PRIVADO;1;A;3;0,00000405470;Alta;3;Avenida Torrencial;1:2.000
119;544980101000000710001000000000;CONVENCIONAL;PRIVADO;1;A;3;0,00082247900;Alta;3;Avenida Torrencial;1:2.000
120;544980101000001220008000000000;CONVENCIONAL;PRIVADO;1;A;3;0,00152014000;Alta;3;Avenida Torrencial;1:2.000
121;544980101000001220009000000000;CONVENCIONAL;PRIVADO;2;A;3;0,00676646000;Alta;3;Avenida Torrencial;1:2.000
122;544980101000001220013000000000;CONVENCIONAL;PRIVADO;1;A;3;0,01286070000;Alta;3;Avenida Torrencial;1:2.000
123;544980101000001220021000000000;CONVENCIONAL;PRIVADO;1;A;3;0,00306939000;Alta;3;Avenida Torrencial;1:2.000
124;544980101000001220012000000000;CONVENCIONAL;PRIVADO;1;A;3;0,00206192000;Alta;3;Avenida Torrencial;1:2.000
125;544980101000001220012900000000;CONVENCIONAL;PRIVADO;1;A;3;0,00457139000;Alta;3;Avenida Torrencial;1:2.000
126;544980101000001220009000000000;CONVENCIONAL;PRIVADO;1;A;3;0,00209227000;Alta;3;Avenida Torrencial;1:2.000
127;544980101000001220022000000000;CONVENCIONAL;PRIVADO;1;A;3;0,00536726000;Alta;3;Avenida Torrencial;1:2.000
128;544980101000000180029000000000;CONVENCIONAL;PRIVADO;1;A;3;0,00007195510;Alta;3;Avenida Torrencial;1:2.000
129;544980101000000180031000000000;CONVENCIONAL;PRIVADO;1;B;3;0,00399126000;Alta;3;Avenida Torrencial;1:2.000
130;544980101000000180031000000000;CONVENCIONAL;PRIVADO;1;A;3;0,00057118500;Alta;3;Avenida Torrencial;1:2.000
131;544980101000000180024000000000;CONVENCIONAL;PRIVADO;1;B;3;0,00238646000;Alta;3;Avenida Torrencial;1:2.000
132;544980101000001010003000000000;CONVENCIONAL;PRIVADO;1;A;3;0,00249394000;Alta;3;Avenida Torrencial;1:2.000
133;544980101000001010004000000000;CONVENCIONAL;PRIVADO;1;A;3;0,00569749000;Alta;3;Avenida Torrencial;1:2.000
134;544980101000001010005000000000;CONVENCIONAL;PRIVADO;1;A;3;0,00035399000;Alta;3;Avenida Torrencial;1:2.000
135;544980101000001010009000000000;CONVENCIONAL;PRIVADO;1;A;3;0,00161327000;Alta;3;Avenida Torrencial;1:2.000
136;544980101000000670003500000015;CONVENCIONAL;PRIVADO;1;A;3;0,00007011620;Alta;3;Avenida Torrencial;1:2.000
137;544980101000000180029000000000;CONVENCIONAL;PRIVADO;1;B;3;0,00631821000;Alta;3;Avenida Torrencial;1:2.000
138;544980101000000180029000000000;CONVENCIONAL;PRIVADO;1;A;3;0,00170754000;Alta;3;Avenida Torrencial;1:2.000
139;544980101000001000002000000000;CONVENCIONAL;PRIVADO;1;A;3;0,00284923000;Alta;3;Avenida Torrencial;1:2.000
140;544980101000001000003000000000;CONVENCIONAL;PRIVADO;1;A;3;0,00030805400;Alta;3;Avenida Torrencial;1:2.000
141;544980101000001000007000000000;CONVENCIONAL;PRIVADO;1;A;3;0,00387769000;Alta;3;Avenida Torrencial;1:2.000
142;544980101000001000008000000000;CONVENCIONAL;PRIVADO;1;A;3;0,01254980000;Alta;3;Avenida Torrencial;1:2.000
143;544980101000001000009000000000;CONVENCIONAL;PRIVADO;1;A;3;0,01350180000;Alta;3;Avenida Torrencial;1:2.000
144;544980101000001000010000000000;CONVENCIONAL;PRIVADO;1;A;3;0,00284727000;Alta;3;Avenida Torrencial;1:2.000
145;544980101000001000010000000000;CONVENCIONAL;PRIVADO;1;C;3;0,00131313000;Alta;3;Avenida Torrencial;1:2.000
146;544980101000001000010000000000;CONVENCIONAL;PRIVADO;1;B;3;0,00056139200;Alta;3;Avenida Torrencial;1:2.000
147;544980101000001000004000000000;CONVENCIONAL;PRIVADO;1;A;3;0,00165625000;Alta;3;Avenida Torrencial;1:2.000
148;544980101000001000004000000000;CONVENCIONAL;PRIVADO;1;C;3;0,00709540000;Alta;3;Avenida Torrencial;1:2.000
149;544980101000001000004000000000;CONVENCIONAL;PRIVADO;1;A;3;0,00717729000;Alta;3;Avenida Torrencial;1:2.000
150;544980102000001710001000000000;CONVENCIONAL;PRIVADO;1;A;3;0,00391790000;Alta;3;Avenida Torrencial;1:2.000
151;544980102000001710001000000000;CONVENCIONAL;PRIVADO;1;A;3;0,00397342000;Alta;3;Avenida Torrencial;1:2.000
152;544980102000001710001000000000;CONVENCIONAL;PRIVADO;1;B;3;0,00459483000;Alta;3;Avenida Torrencial;1:2.000
153;544980101000000720001000000000;CONVENCIONAL;PRIVADO;1;A;3;0,00829773000;Alta;3;Avenida Torrencial;1:2.000
154;544980102000003790002000000000;CONVENCIONAL;PRIVADO;1;A;3;0,00945957000;Alta;3;Avenida Torrencial;1:2.000
155;544980102000001710001000000000;CONVENCIONAL;PRIVADO;1;B;3;0,02594190000;Alta;3;Avenida Torrencial;1:2.000
156;544980102000001750001000000000;CONVENCIONAL;PRIVADO;1;A;3;0,01021560000;Alta;3;Avenida Torrencial;1:2.000
157;544980102000001750004000000000;CONVENCIONAL;PRIVADO;1;A;3;0,00538675000;Alta;3;Avenida Torrencial;1:2.000
158;544980102000001750007000000000;CONVENCIONAL;PRIVADO;1;A;3;0,01241920000;Alta;3;Avenida Torrencial;1:2.000
159;544980102000001750008000000000;CONVENCIONAL;PRIVADO;1;A;3;0,00564284000;Alta;3;Avenida Torrencial;1:2.000
160;544980102000001750009000000000;CONVENCIONAL;PRIVADO;1;A;3;0,00826767000;Alta;3;Avenida Torrencial;1:2.000
161;544980102000001750001000000000;CONVENCIONAL;PRIVADO;1;A;3;0,01011210000;Alta;3;Avenida Torrencial;1:2.000
162;544980102000001750003000000000;CONVENCIONAL;PRIVADO;1;A;3;0,00742468000;Alta;3;Avenida Torrencial;1:2.000
163;544980102000001750005000000000;CONVENCIONAL;PRIVADO;1;A;3;0,00502006000;Alta;3;Avenida Torrencial;1:2.000
164;544980102000001750006000000000;CONVENCIONAL;PRIVADO;1;A;3;0,00303412000;Alta;3;Avenida Torrencial;1:2.000
165;544980102000001750007000000000;CONVENCIONAL;PRIVADO;1;A;3;0,00145186000;Alta;3;Avenida Torrencial;1:2.000
166;544980102000001750010000000000;CONVENCIONAL;PRIVADO;1;A;3;0,00503151000;Alta;3;Avenida Torrencial;1:2.000
167;544980102000001750011000000000;CONVENCIONAL;PRIVADO;1;A;3;0,00091417900;Alta;3;Avenida Torrencial;1:2.000
168;544980101000000720007000000000;CONVENCIONAL;PRIVADO;1;A;3;0,00717129000;Alta;3;Avenida Torrencial;1:2.000
169;544980101000000720007000000000;CONVENCIONAL;PRIVADO;1;B;3;0,00140932000;Alta;3;Avenida Torrencial;1:2.000
170;544980101000000720007000000000;CONVENCIONAL;PRIVADO;1;B;3;0,00101283000;Alta;3;Avenida Torrencial;1:2.000
171;544980101000000720008000000000;CONVENCIONAL;PRIVADO;1;B;3;0,00237561000;Alta;3;Avenida Torrencial;1:2.000
172;544980101000000720009000000000;CONVENCIONAL;PRIVADO;1;B;3;0,00076497200;Alta;3;Avenida Torrencial;1:2.000
173;544980101000000720009000000000;CONVENCIONAL;PRIVADO;1;B;3;0,00066272200;Alta;3;Avenida Torrencial;1:2.000
174;544980101000000720002000000000;CONVENCIONAL;PRIVADO;1;A;3;0,00939803000;Alta;3;Avenida Torrencial;1:2.000
175;544980101000000720003000000000;CONVENCIONAL;PRIVADO;1;A;3;0,01043890000;Alta;3;Avenida Torrencial;1:2.000
176;544980101000000720005000000000;CONVENCIONAL;PRIVADO;1;B;3;0,00472628000;Alta;3;Avenida Torrencial;1:2.000
177;544980101000000720006000000000;CONVENCIONAL;PRIVADO;1;A;3;0,01137690000;Alta;3;Avenida Torrencial;1:2.000
178;544980101000000720008000000000;CONVENCIONAL;PRIVADO;1;A;3;0,00763873000;Alta;3;Avenida Torrencial;1:2.000
179;544980101000000720009000000000;CONVENCIONAL;PRIVADO;1;A;3;0,00489198000;Alta;3;Avenida Torrencial;1:2.000
180;544980101000000720004500000001;CONVENCIONAL;PRIVADO;1;A;3;0,00971534000;Alta;3;Avenida Torrencial;1:2.000
181;544980101000000720004000000000;CONVENCIONAL;PRIVADO;1;A;3;0,00433674000;Alta;3;Avenida Torrencial;1:2.000
182;544980101000000720004000000000;CONVENCIONAL;PRIVADO;1;B;3;0,00226619000;Alta;3;Avenida Torrencial;1:2.000
183;544980101000000720004000000000;CONVENCIONAL;PRIVADO;1;B;3;0,00084317200;Alta;3;Avenida Torrencial;1:2.000
184;544980101000000720005000000000;CONVENCIONAL;PRIVADO;1;A;3;0,00758767000;Alta;3;Avenida Torrencial;1:2.000
185;544980101000000720005000000000;CONVENCIONAL;PRIVADO;1;B;3;0,00312277000;Alta;3;Avenida Torrencial;1:2.000
186;544980101000000720011000000000;CONVENCIONAL;PRIVADO;1;A;3;0,01288960000;Alta;3;Avenida Torrencial;1:2.000
187;544980101000000720015000000000;CONVENCIONAL;PRIVADO;1;A;3;0,00343038000;Alta;3;Avenida Torrencial;1:2.000
188;544980101000000720010000000000;CONVENCIONAL;PRIVADO;1;A;3;0,01241770000;Alta;3;Avenida Torrencial;1:2.000
189;544980101000000720012000000000;CONVENCIONAL;PRIVADO;1;A;3;0,01371720000;Alta;3;Avenida Torrencial;1:2.000
190;544980101000000720011000000000;CONVENCIONAL;PRIVADO;1;A;3;0,00156508000;Alta;3;Avenida Torrencial;1:2.000
191;544980101000000720014000000000;CONVENCIONAL;PRIVADO;1;A;3;0,00708597000;Alta;3;Avenida Torrencial;1:2.000
192;544980101000000720010000000000;CONVENCIONAL;PRIVADO;1;A;3;0,00425469000;Alta;3;Avenida Torrencial;1:2.000
193;544980101000000720001000000000;CONVENCIONAL;PRIVADO;1;A;3;0,00004725940;Alta;3;Avenida Torrencial;1:2.000
194;544980102000001260019000000000;CONVENCIONAL;PRIVADO;1;A;3;0,00090954400;Alta;3;Avenida Torrencial;1:2.000
195;544980101000000460001000000000;CONVENCIONAL;PRIVADO;1;A;3;0,00174518000;Alta;3;Avenida Torrencial;1:2.000
196;544980101000000470023000000000;CONVENCIONAL;PRIVADO;1;A;3;0,00191521000;Alta;3;Avenida Torrencial;1:2.000
197;544980101000000740001000000000;CONVENCIONAL;PRIVADO;1;A;3;0,00699781000;Alta;3;Avenida Torrencial;1:2.000
198;544980101000000740002000000000;CONVENCIONAL;PRIVADO;1;A;3;0,00128661000;Alta;3;Avenida Torrencial;1:2.000
199;544980101000000740004000000000;CONVENCIONAL;PRIVADO;1;A;3;0,00017000300;Alta;3;Avenida Torrencial;1:2.000
200;544980101000000740009000000000;CONVENCIONAL;PRIVADO;1;A;3;0,00843637000;Alta;3;Avenida Torrencial;1:2.000
201;544980101000000740010000000000;CONVENCIONAL;PRIVADO;2;A;3;0,00497075000;Alta;3;Avenida Torrencial;1:2.000
202;544980101000000740011000000000;CONVENCIONAL;PRIVADO;2;A;3;0,00118302000;Alta;3;Avenida Torrencial;1:2.000
203;544980101000000740012000000000;CONVENCIONAL;PRIVADO;1;A;3;0,00099583000;Alta;3;Avenida Torrencial;1:2.000
204;544980101000000050009500000001;CONVENCIONAL;PRIVADO;1;A;3;0,00007109170;Alta;3;Avenida Torrencial;1:2.000
205;544980101000000050007000000000;CONVENCIONAL;PRIVADO;1;A;3;0,00000179516;Alta;3;Avenida Torrencial;1:2.000
206;544980101000000050003000000000;CONVENCIONAL;PRIVADO;1;A;3;0,00000539561;Alta;3;Avenida Torrencial;1:2.000
207;544980101000000050006500000001;CONVENCIONAL;PRIVADO;1;A;3;0,00023213000;Alta;3;Avenida Torrencial;1:2.000
208;544980101000000050006500000003;CONVENCIONAL;PRIVADO;1;A;3;0,00000001784;Alta;3;Avenida Torrencial;1:2.000
209;544980101000000470001000000000;CONVENCIONAL;PRIVADO;2;A;3;0,00509964000;Alta;3;Avenida Torrencial;1:2.000
210;544980101000000470002000000000;CONVENCIONAL;PRIVADO;1;A;3;0,00877899000;Alta;3;Avenida Torrencial;1:2.000
211;544980101000000470003000000000;CONVENCIONAL;PRIVADO;1;A;3;0,00968197000;Alta;3;Avenida Torrencial;1:2.000
212;544980101000000470004000000000;CONVENCIONAL;PRIVADO;1;A;3;0,00800797000;Alta;3;Avenida Torrencial;1:2.000
213;544980101000000410001000000000;CONVENCIONAL;PRIVADO;1;A;3;0,00738906000;Alta;3;Avenida Torrencial;1:2.000
214;544980101000000410003000000000;CONVENCIONAL;PRIVADO;1;A;3;0,00987453000;Alta;3;Avenida Torrencial;1:2.000
215;544980101000000410004000000000;CONVENCIONAL;PRIVADO;1;A;3;0,00788092000;Alta;3;Avenida Torrencial;1:2.000
216;544980101000000410027000000000;CONVENCIONAL;PRIVADO;1;A;3;0,00663929000;Alta;3;Avenida Torrencial;1:2.000
217;544980101000000410002000000000;CONVENCIONAL;PRIVADO;1;A;3;0,00900350000;Alta;3;Avenida Torrencial;1:2.000
218;544980101000000410005000000000;CONVENCIONAL;PRIVADO;1;A;3;0,00180987000;Alta;3;Avenida Torrencial;1:2.000
219;544980101000000410005000000000;CONVENCIONAL;PRIVADO;2;A;3;0,00066999700;Alta;3;Avenida Torrencial;1:2.000
220;544980101000000410005000000000;CONVENCIONAL;PRIVADO;1;A;3;0,00226203000;Alta;3;Avenida Torrencial;1:2.000
221;544980101000000360002000000000;CONVENCIONAL;PRIVADO;1;A;3;0,01032270000;Alta;3;Avenida Torrencial;1:2.000
222;544980101000000360020000000000;CONVENCIONAL;PRIVADO;2;A;3;0,00079869700;Alta;3;Avenida Torrencial;1:2.000
223;544980101000000360024000000000;CONVENCIONAL;PRIVADO;1;A;3;0,00367354000;Alta;3;Avenida Torrencial;1:2.000
224;544980101000000360022000000000;CONVENCIONAL;PRIVADO;1;A;3;0,00565224000;Alta;3;Avenida Torrencial;1:2.000
225;544980101000000360024000000000;CONVENCIONAL;PRIVADO;1;A;3;0,00037958200;Alta;3;Avenida Torrencial;1:2.000
226;544980101000000360023000000000;CONVENCIONAL;PRIVADO;1;A;3;0,00386296000;Alta;3;Avenida Torrencial;1:2.000
227;544980101000000360023000000000;CONVENCIONAL;PRIVADO;1;A;3;0,00113037000;Alta;3;Avenida Torrencial;1:2.000
228;544980101000000360022000000000;CONVENCIONAL;PRIVADO;2;A;3;0,00284227000;Alta;3;Avenida Torrencial;1:2.000
229;544980101000000360021000000000;CONVENCIONAL;PRIVADO;1;A;3;0,01062140000;Alta;3;Avenida Torrencial;1:2.000
230;544980101000000360021000000000;CONVENCIONAL;PRIVADO;1;A;3;0,00409510000;Alta;3;Avenida Torrencial;1:2.000
231;544980101000000360001000000000;CONVENCIONAL;PRIVADO;1;A;3;0,00802051000;Alta;3;Avenida Torrencial;1:2.000
232;544980101000000360001000000000;CONVENCIONAL;PRIVADO;1;C;3;0,00791438000;Alta;3;Avenida Torrencial;1:2.000
233;544980101000000360001000000000;CONVENCIONAL;PRIVADO;1;B;3;0,00550584000;Alta;3;Avenida Torrencial;1:2.000
234;544980101000000360001000000000;CONVENCIONAL;PRIVADO;1;B;3;0,00029447300;Alta;3;Avenida Torrencial;1:2.000
235;544980101000000360001000000000;CONVENCIONAL;PRIVADO;1;B;3;0,00050134900;Alta;3;Avenida Torrencial;1:2.000
236;544980101000000360002000000000;CONVENCIONAL;PRIVADO;1;B;3;0,00203807000;Alta;3;Avenida Torrencial;1:2.000
237;544980101000000360020000000000;CONVENCIONAL;PRIVADO;3;A;3;0,00000859347;Alta;3;Avenida Torrencial;1:2.000
238;544980101000000360020000000000;CONVENCIONAL;PRIVADO;1;C;3;0,00005295060;Alta;3;Avenida Torrencial;1:2.000
239;544980101000000360020000000000;CONVENCIONAL;PRIVADO;1;A;3;0,00073791800;Alta;3;Avenida Torrencial;1:2.000
240;544980101000000410024000000000;CONVENCIONAL;PRIVADO;1;A;3;0,00437710000;Alta;3;Avenida Torrencial;1:2.000
241;544980101000000410028000000000;CONVENCIONAL;PRIVADO;1;A;3;0,00467071000;Alta;3;Avenida Torrencial;1:2.000
242;544980101000000410025000000000;CONVENCIONAL;PRIVADO;1;A;3;0,00689129000;Alta;3;Avenida Torrencial;1:2.000
243;544980101000000460026000000000;CONVENCIONAL;PRIVADO;1;A;3;0,00136952000;Alta;3;Avenida Torrencial;1:2.000
244;544980101000000460027000000000;CONVENCIONAL;PRIVADO;1;A;3;0,00612431000;Alta;3;Avenida Torrencial;1:2.000
245;544980101000000460029000000000;CONVENCIONAL;PRIVADO;1;A;3;0,00808928000;Alta;3;Avenida Torrencial;1:2.000
246;544980101000000460030000000000;CONVENCIONAL;PRIVADO;1;A;3;0,00769376000;Alta;3;Avenida Torrencial;1:2.000
247;544980101000000460031000000000;CONVENCIONAL;PRIVADO;1;A;3;0,01000030000;Alta;3;Avenida Torrencial;1:2.000
248;544980101000000460035000000000;CONVENCIONAL;PRIVADO;1;A;3;0,00331018000;Alta;3;Avenida Torrencial;1:2.000
249;544980101000000460036000000000;CONVENCIONAL;PRIVADO;1;A;3;0,00498393000;Alta;3;Avenida Torrencial;1:2.000
250;544980101000000460028000000000;CONVENCIONAL;PRIVADO;1;A;3;0,00649052000;Alta;3;Avenida Torrencial;1:2.000
251;544980101000000470005000000000;CONVENCIONAL;PRIVADO;1;A;3;0,00536018000;Alta;3;Avenida Torrencial;1:2.000
252;544980101000000470019000000000;CONVENCIONAL;PRIVADO;1;A;3;0,01563990000;Alta;3;Avenida Torrencial;1:2.000
253;544980101000000470014000000000;CONVENCIONAL;PRIVADO;1;A;3;0,00881505000;Alta;3;Avenida Torrencial;1:2.000
254;544980101000000470020000000000;CONVENCIONAL;PRIVADO;1;A;3;0,01412020000;Alta;3;Avenida Torrencial;1:2.000
255;544980101000000470011000000000;CONVENCIONAL;PRIVADO;1;A;3;0,00979702000;Alta;3;Avenida Torrencial;1:2.000
256;544980101000000470007000000000;CONVENCIONAL;PRIVADO;1;B;3;0,00141454000;Alta;3;Avenida Torrencial;1:2.000
257;544980101000000470015000000000;CONVENCIONAL;PRIVADO;1;A;3;0,00739749000;Alta;3;Avenida Torrencial;1:2.000
258;544980101000000470001000000000;CONVENCIONAL;PRIVADO;1;A;3;0,00179683000;Alta;3;Avenida Torrencial;1:2.000
259;544980101000000740009000000000;CONVENCIONAL;PRIVADO;2;A;3;0,00024459400;Alta;3;Avenida Torrencial;1:2.000
260;544980101000000550003000000000;CONVENCIONAL;PRIVADO;1;A;3;0,00430988000;Alta;3;Avenida Torrencial;1:2.000
261;544980101000000550901901000000;CONVENCIONAL;PRIVADO;1;A;3;0,00965843000;Alta;3;Avenida Torrencial;1:2.000
262;544980101000000550005000000000;CONVENCIONAL;PRIVADO;1;A;3;0,00838172000;Alta;3;Avenida Torrencial;1:2.000
263;544980101000000550006000000000;CONVENCIONAL;PRIVADO;2;B;3;0,00710117000;Alta;3;Avenida Torrencial;1:2.000
264;544980101000000550008000000000;CONVENCIONAL;PRIVADO;1;A;3;0,00027471800;Alta;3;Avenida Torrencial;1:2.000
265;544980101000000550009000000000;CONVENCIONAL;PRIVADO;2;A;3;0,00163276000;Alta;3;Avenida Torrencial;1:2.000
266;544980101000000550009000000000;CONVENCIONAL;PRIVADO;1;A;3;0,00173889000;Alta;3;Avenida Torrencial;1:2.000
267;544980101000001840003000000000;CONVENCIONAL;PRIVADO;1;A;3;0,00892583000;Alta;3;Avenida Torrencial;1:2.000
268;544980101000001840004000000000;CONVENCIONAL;PRIVADO;1;A;3;0,00861812000;Alta;3;Avenida Torrencial;1:2.000
269;544980101000001840005000000000;CONVENCIONAL;PRIVADO;1;A;3;0,00562557000;Alta;3;Avenida Torrencial;1:2.000
270;544980101000001840005000000000;CONVENCIONAL;PRIVADO;1;A;3;0,00161479000;Alta;3;Avenida Torrencial;1:2.000
271;544980101000001840008000000000;CONVENCIONAL;PRIVADO;1;A;3;0,00171245000;Alta;3;Avenida Torrencial;1:2.000
272;544980101000001840007000000000;CONVENCIONAL;PRIVADO;1;A;3;0,00366776000;Alta;3;Avenida Torrencial;1:2.000
273;544980101000001840004000000000;CONVENCIONAL;PRIVADO;1;B;3;0,00086882700;Alta;3;Avenida Torrencial;1:2.000
274;544980101000001840901901000000;CONVENCIONAL;PRIVADO;1;A-B;3;0,01047000000;Alta;3;Avenida Torrencial;1:2.000
275;544980101000001810002000000000;CONVENCIONAL;PRIVADO;1;A;3;0,00613991000;Alta;3;Avenida Torrencial;1:2.000
276;544980101000001810003000000000;CONVENCIONAL;PRIVADO;1;A;3;0,00699525000;Alta;3;Avenida Torrencial;1:2.000
277;544980101000001810004000000000;CONVENCIONAL;PRIVADO;2;A;3;0,00784815000;Alta;3;Avenida Torrencial;1:2.000
278;544980101000001810005000000000;CONVENCIONAL;PRIVADO;2;A;3;0,00535763000;Alta;3;Avenida Torrencial;1:2.000
279;544980101000001810008000000000;CONVENCIONAL;PRIVADO;1;A;3;0,00810128000;Alta;3;Avenida Torrencial;1:2.000
280;544980101000001810018000000000;CONVENCIONAL;PRIVADO;1;A;3;0,00608117000;Alta;3;Avenida Torrencial;1:2.000
281;544980101000001810902901000000;CONVENCIONAL;PRIVADO;1;A;3;0,00642663000;Alta;3;Avenida Torrencial;1:2.000
282;544980101000001810013000000000;CONVENCIONAL;PRIVADO;1;A;3;0,00569986000;Alta;3;Avenida Torrencial;1:2.000
283;544980101000001810901901000000;CONVENCIONAL;PRIVADO;1;A;3;0,00718396000;Alta;3;Avenida Torrencial;1:2.000
284;544980101000001810012000000000;CONVENCIONAL;PRIVADO;1;A;3;0,00604048000;Alta;3;Avenida Torrencial;1:2.000
285;544980101000001810003000000000;CONVENCIONAL;PRIVADO;2;A;3;0,00055222900;Alta;3;Avenida Torrencial;1:2.000
286;544980101000001810003000000000;CONVENCIONAL;PRIVADO;1;B;3;0,00357037000;Alta;3;Avenida Torrencial;1:2.000
287;544980101000001810004000000000;CONVENCIONAL;PRIVADO;1;B;3;0,00286581000;Alta;3;Avenida Torrencial;1:2.000
288;544980101000001810005000000000;CONVENCIONAL;PRIVADO;1;A;3;0,00217970000;Alta;3;Avenida Torrencial;1:2.000
289;544980101000001810002000000000;CONVENCIONAL;PRIVADO;2;A;3;0,00097737900;Alta;3;Avenida Torrencial;1:2.000
290;544980101000001810013000000000;CONVENCIONAL;PRIVADO;2;A;3;0,00134781000;Alta;3;Avenida Torrencial;1:2.000
291;544980101000001800001000000000;CONVENCIONAL;PRIVADO;1;A;3;0,00013793700;Alta;3;Avenida Torrencial;1:2.000
292;544980101000001800013000000000;CONVENCIONAL;PRIVADO;1;A;3;0,00303372000;Alta;3;Avenida Torrencial;1:2.000
293;544980101000001800014000000000;CONVENCIONAL;PRIVADO;2;A;3;0,00581457000;Alta;3;Avenida Torrencial;1:2.000
294;544980101000001800015000000000;CONVENCIONAL;PRIVADO;1;A;3;0,00481904000;Alta;3;Avenida Torrencial;1:2.000
295;544980101000001800014000000000;CONVENCIONAL;PRIVADO;1;A;3;0,00150703000;Alta;3;Avenida Torrencial;1:2.000
296;544980101000001690001000000000;CONVENCIONAL;PRIVADO;1;A;3;0,00398756000;Alta;3;Avenida Torrencial;1:2.000
297;544980101000001690002000000000;CONVENCIONAL;PRIVADO;2;A;3;0,00841004000;Alta;3;Avenida Torrencial;1:2.000
298;544980101000001690901901000000;CONVENCIONAL;PRIVADO;1;A;3;0,01064960000;Alta;3;Avenida Torrencial;1:2.000
299;544980101000001690014000000000;CONVENCIONAL;PRIVADO;1;A;3;0,01188510000;Alta;3;Avenida Torrencial;1:2.000
300;544980101000001690003000000000;CONVENCIONAL;PRIVADO;1;A;3;0,00349569000;Alta;3;Avenida Torrencial;1:2.000
301;544980101000001690003000000000;CONVENCIONAL;PRIVADO;1;B;3;0,00238984000;Alta;3;Avenida Torrencial;1:2.000
302;544980101000001690001000000000;CONVENCIONAL;PRIVADO;1;A;3;0,00084108500;Alta;3;Avenida Torrencial;1:2.000
303;544980101000001620002000000000;CONVENCIONAL;PRIVADO;1;A;3;0,00183310000;Alta;3;Avenida Torrencial;1:2.000
304;544980101000001620004000000000;CONVENCIONAL;PRIVADO;1;A;3;0,00947111000;Alta;3;Avenida Torrencial;1:2.000
305;544980101000001620902901000000;CONVENCIONAL;PRIVADO;2;A;3;0,01052990000;Alta;3;Avenida Torrencial;1:2.000
306;544980101000001620008000000000;CONVENCIONAL;PRIVADO;1;A;3;0,00835066000;Alta;3;Avenida Torrencial;1:2.000
307;544980101000001620901901000000;CONVENCIONAL;PRIVADO;2;A;3;0,00985737000;Alta;3;Avenida Torrencial;1:2.000
308;544980101000001620007000000000;CONVENCIONAL;PRIVADO;1;A;3;0,00317359000;Alta;3;Avenida Torrencial;1:2.000
309;544980101000001620007000000000;CONVENCIONAL;PRIVADO;1;A;3;0,00900061000;Alta;3;Avenida Torrencial;1:2.000
310;544980101000001620008000000000;CONVENCIONAL;PRIVADO;1;A;3;0,00369208000;Alta;3;Avenida Torrencial;1:2.000
311;544980101000001620008000000000;CONVENCIONAL;PRIVADO;1;B;3;0,00181848000;Alta;3;Avenida Torrencial;1:2.000
312;544980101000001610002000000000;CONVENCIONAL;PRIVADO;1;A;3;0,00007236090;Alta;3;Avenida Torrencial;1:2.000
313;544980101000001610009000000000;CONVENCIONAL;PRIVADO;1;A;3;0,00042752400;Alta;3;Avenida Torrencial;1:2.000
314;544980101000001610010000000000;CONVENCIONAL;PRIVADO;1;A;3;0,00847815000;Alta;3;Avenida Torrencial;1:2.000
315;544980101000001610014000000000;CONVENCIONAL;PRIVADO;1;A;3;0,00631327000;Alta;3;Avenida Torrencial;1:2.000
316;544980101000001610015000000000;CONVENCIONAL;PRIVADO;2;A;3;0,00397344000;Alta;3;Avenida Torrencial;1:2.000
317;544980101000001610014000000000;CONVENCIONAL;PRIVADO;2;A;3;0,00246864000;Alta;3;Avenida Torrencial;1:2.000
318;544980101000001610014000000000;CONVENCIONAL;PRIVADO;1;A;3;0,00054005600;Alta;3;Avenida Torrencial;1:2.000
319;544980101000001610010000000000;CONVENCIONAL;PRIVADO;1;A;3;0,00033176500;Alta;3;Avenida Torrencial;1:2.000
320;544980101000001610009000000000;CONVENCIONAL;PRIVADO;2;A;3;0,00011493300;Alta;3;Avenida Torrencial;1:2.000
321;544980101000001600001000000000;CONVENCIONAL;PRIVADO;1;A;3;0,00047768900;Alta;3;Avenida Torrencial;1:2.000
322;544980101000001600011000000000;CONVENCIONAL;PRIVADO;1;A;3;0,00209016000;Alta;3;Avenida Torrencial;1:2.000
323;544980101000001600013000000000;CONVENCIONAL;PRIVADO;1;A;3;0,00102432000;Alta;3;Avenida Torrencial;1:2.000
324;544980101000001600016000000000;CONVENCIONAL;PRIVADO;1;A;3;0,00007053230;Alta;3;Avenida Torrencial;1:2.000
325;544980101000001600001000000000;CONVENCIONAL;PRIVADO;1;B;3;0,00119856000;Alta;3;Avenida Torrencial;1:2.000
326;544980101000001490036000000000;CONVENCIONAL;PRIVADO;1;A;3;0,00730475000;Alta;3;Avenida Torrencial;1:2.000
327;544980101000001490044000000000;CONVENCIONAL;PRIVADO;1;A;3;0,01214660000;Alta;3;Avenida Torrencial;1:2.000
328;544980101000001490038000000000;CONVENCIONAL;PRIVADO;1;A;3;0,00205431000;Alta;3;Avenida Torrencial;1:2.000
329;544980101000001490038000000000;CONVENCIONAL;PRIVADO;1;A;3;0,00141915000;Alta;3;Avenida Torrencial;1:2.000
330;544980101000001490038000000000;CONVENCIONAL;PRIVADO;1;B;3;0,00055373500;Alta;3;Avenida Torrencial;1:2.000
331;544980101000001490043000000000;CONVENCIONAL;PRIVADO;1;B;3;0,00046534600;Alta;3;Avenida Torrencial;1:2.000
332;544980101000001490044000000000;CONVENCIONAL;PRIVADO;1;B;3;0,00214981000;Alta;3;Avenida Torrencial;1:2.000
333;544980101000001490037000000000;CONVENCIONAL;PRIVADO;1;A;3;0,00728758000;Alta;3;Avenida Torrencial;1:2.000
334;544980101000001490037000000000;CONVENCIONAL;PRIVADO;1;B;3;0,00122082000;Alta;3;Avenida Torrencial;1:2.000
335;544980101000001490037000000000;CONVENCIONAL;PRIVADO;1;B;3;0,00102597000;Alta;3;Avenida Torrencial;1:2.000
336;544980101000001490035000000000;CONVENCIONAL;PRIVADO;1;A;3;0,01192220000;Alta;3;Avenida Torrencial;1:2.000
337;544980103000000690901901000000;CONVENCIONAL;PRIVADO;1;A;3;0,02396060000;Alta;3;Avenida Torrencial;1:2.000
338;544980103000000690002000000000;CONVENCIONAL;PRIVADO;1;A;3;0,00278873000;Alta;3;Avenida Torrencial;1:2.000
339;544980103000000690002000000000;CONVENCIONAL;PRIVADO;2;B;3;0,00331943000;Alta;3;Avenida Torrencial;1:2.000
340;544980103000000690006000000000;CONVENCIONAL;PRIVADO;1;A;3;0,00052224200;Alta;3;Avenida Torrencial;1:2.000
341;544980103000000690006000000000;CONVENCIONAL;PRIVADO;2;B;3;0,00598936000;Alta;3;Avenida Torrencial;1:2.000
342;544980101000000060001000000000;CONVENCIONAL;PRIVADO;1;A;3;0,00449338000;Alta;3;Avenida Torrencial;1:2.000
343;544980101000000060006000000000;CONVENCIONAL;PRIVADO;1;A;3;0,00382021000;Alta;3;Avenida Torrencial;1:2.000
344;544980101000000060008000000000;CONVENCIONAL;PRIVADO;1;A;3;0,00670110000;Alta;3;Avenida Torrencial;1:2.000
345;544980101000000060009000000000;CONVENCIONAL;PRIVADO;1;A;3;0,00221616000;Alta;3;Avenida Torrencial;1:2.000
346;544980101000000060007000000000;CONVENCIONAL;PRIVADO;1;A;3;0,00601848000;Alta;3;Avenida Torrencial;1:2.000
347;544980101000000060002000000000;CONVENCIONAL;PRIVADO;1;A;3;0,00657235000;Alta;3;Avenida Torrencial;1:2.000
348;544980102000001640011000000000;CONVENCIONAL;PRIVADO;2;A;3;0,00239318000;Alta;3;Avenida Torrencial;1:2.000
349;544980102000001630001000000000;CONVENCIONAL;PRIVADO;1;A;3;0,00541512000;Alta;3;Avenida Torrencial;1:2.000
350;544980102000001630002000000000;CONVENCIONAL;PRIVADO;1;A;3;0,00445954000;Alta;3;Avenida Torrencial;1:2.000
351;544980102000001630003000000000;CONVENCIONAL;PRIVADO;1;A;3;0,00419927000;Alta;3;Avenida Torrencial;1:2.000
352;544980102000001630004000000000;CONVENCIONAL;PRIVADO;1;A;3;0,00465178000;Alta;3;Avenida Torrencial;1:2.000
353;544980102000001630005000000000;CONVENCIONAL;PRIVADO;1;A;3;0,00697406000;Alta;3;Avenida Torrencial;1:2.000
354;544980102000001630006000000000;CONVENCIONAL;PRIVADO;1;A;3;0,00854903000;Alta;3;Avenida Torrencial;1:2.000
355;544980102000001630007000000000;CONVENCIONAL;PRIVADO;1;A;3;0,00888688000;Alta;3;Avenida Torrencial;1:2.000
356;544980102000001630008000000000;CONVENCIONAL;PRIVADO;2;A;3;0,00662713000;Alta;3;Avenida Torrencial;1:2.000
357;544980102000001630009000000000;CONVENCIONAL;PRIVADO;1;A;3;0,00623777000;Alta;3;Avenida Torrencial;1:2.000
358;544980102000001630010000000000;CONVENCIONAL;PRIVADO;1;A;3;0,01190250000;Alta;3;Avenida Torrencial;1:2.000
359;544980102000001630010000000000;CONVENCIONAL;PRIVADO;1;B;3;0,00403447000;Alta;3;Avenida Torrencial;1:2.000
360;544980102000001630008000000000;CONVENCIONAL;PRIVADO;1;A;3;0,00040820500;Alta;3;Avenida Torrencial;1:2.000
361;544980102000001630008000000000;CONVENCIONAL;PRIVADO;1;A;3;0,00230529000;Alta;3;Avenida Torrencial;1:2.000
362;544980102000001630001000000000;CONVENCIONAL;PRIVADO;1;B;3;0,00520267000;Alta;3;Avenida Torrencial;1:2.000
363;544980101000001790022000000000;CONVENCIONAL;PRIVADO;1;A;3;0,00310866000;Alta;3;Avenida Torrencial;1:2.000
364;544980101000001790023000000000;CONVENCIONAL;PRIVADO;1;A;3;0,00084505100;Alta;3;Avenida Torrencial;1:2.000
365;544980101000001790031000000000;CONVENCIONAL;PRIVADO;1;A;3;0,00045363800;Alta;3;Avenida Torrencial;1:2.000
366;544980101000001790026000000000;CONVENCIONAL;PRIVADO;1;A;3;0,00327177000;Alta;3;Avenida Torrencial;1:2.000
367;544980101000001790025000000000;CONVENCIONAL;PRIVADO;1;A;3;0,00363629000;Alta;3;Avenida Torrencial;1:2.000
368;544980101000001790025000000000;CONVENCIONAL;PRIVADO;1;A;3;0,00000497987;Alta;3;Avenida Torrencial;1:2.000
369;544980101000001790024000000000;CONVENCIONAL;PRIVADO;1;A;3;0,00202877000;Alta;3;Avenida Torrencial;1:2.000
370;544980101000001900001000000000;CONVENCIONAL;PRIVADO;1;A-B;3;0,05188650000;Alta;3;Avenida Torrencial;1:2.000
371;544980101000001240003500000001;CONVENCIONAL;PRIVADO;1;A;3;0,00259452000;Alta;3;Avenida Torrencial;1:2.000
372;544980101000000730901901000000;CONVENCIONAL;PRIVADO;2;A;3;0,01935220000;Alta;3;Avenida Torrencial;1:2.000
373;544980103000002760032000000000;CONVENCIONAL;PRIVADO;1;A;3;0,00009969500;Alta;3;Avenida Torrencial;1:2.000
374;544980103000000040009000000000;CONVENCIONAL;PRIVADO;1;A;3;0,00005259580;Alta;3;Avenida Torrencial;1:2.000
375;544980103000000120003000000000;CONVENCIONAL;PRIVADO;1;A;3;0,00290661000;Alta;3;Avenida Torrencial;1:2.000
376;544980103000000120901901000000;CONVENCIONAL;PRIVADO;1;A;3;0,00071277800;Alta;3;Avenida Torrencial;1:2.000
377;544980103000000300020000000000;CONVENCIONAL;PRIVADO;1;A;3;0,00000023961;Alta;3;Avenida Torrencial;1:2.000
378;544980103000000300021000000000;CONVENCIONAL;PRIVADO;1;A;3;0,00928793000;Alta;3;Avenida Torrencial;1:2.000
379;544980103000000370034000000000;CONVENCIONAL;PRIVADO;1;A;3;0,00064856100;Alta;3;Avenida Torrencial;1:2.000
380;544980103000000370034000000000;CONVENCIONAL;PRIVADO;1;A;3;0,00047811500;Alta;3;Avenida Torrencial;1:2.000
381;544980103000000370034000000000;CONVENCIONAL;PRIVADO;1;A;3;0,00122268000;Alta;3;Avenida Torrencial;1:2.000
382;544980103000000380901901000000;CONVENCIONAL;PRIVADO;1;A;3;0,00411695000;Alta;3;Avenida Torrencial;1:2.000
383;544980103000000380005000000000;CONVENCIONAL;PRIVADO;1;A;3;0,00714620000;Alta;3;Avenida Torrencial;1:2.000
384;544980103000000380001000000000;CONVENCIONAL;PRIVADO;2;B;3;0,00022605800;Alta;3;Avenida Torrencial;1:2.000
385;544980103000000380001000000000;CONVENCIONAL;PRIVADO;1;A;3;0,00035416700;Alta;3;Avenida Torrencial;1:2.000
386;544980103000000720902901000000;CONVENCIONAL;PRIVADO;2;A;3;0,00141797000;Alta;3;Avenida Torrencial;1:2.000
387;544980103000000790016000000000;CONVENCIONAL;PRIVADO;1;A;3;0,00065692500;Alta;3;Avenida Torrencial;1:2.000
388;544980102000001360026000000000;CONVENCIONAL;PRIVADO;1;A;3;0,00612903000;Alta;3;Avenida Torrencial;1:2.000
389;544980102000001360027000000000;CONVENCIONAL;PRIVADO;1;A;3;0,00620414000;Alta;3;Avenida Torrencial;1:2.000
390;544980102000001360030000000000;CONVENCIONAL;PRIVADO;1;A;3;0,00025299400;Alta;3;Avenida Torrencial;1:2.000
391;544980102000001360022000000000;CONVENCIONAL;PRIVADO;1;A;3;0,00078152100;Alta;3;Avenida Torrencial;1:2.000
392;544980102000001360023000000000;CONVENCIONAL;PRIVADO;1;A;3;0,00244969000;Alta;3;Avenida Torrencial;1:2.000
393;544980102000001360024000000000;CONVENCIONAL;PRIVADO;1;A;3;0,00914033000;Alta;3;Avenida Torrencial;1:2.000
394;544980102000001360024000000000;CONVENCIONAL;PRIVADO;1;A;3;0,00181208000;Alta;3;Avenida Torrencial;1:2.000
395;544980102000001360025000000000;CONVENCIONAL;PRIVADO;1;A;3;0,00165261000;Alta;3;Avenida Torrencial;1:2.000
396;544980102000001360026000000000;CONVENCIONAL;PRIVADO;1;A;3;0,00164292000;Alta;3;Avenida Torrencial;1:2.000
397;544980102000001360027000000000;CONVENCIONAL;PRIVADO;1;A;3;0,00342570000;Alta;3;Avenida Torrencial;1:2.000
398;544980102000001360027000000000;CONVENCIONAL;PRIVADO;1;A;3;0,00168961000;Alta;3;Avenida Torrencial;1:2.000
399;544980102000001360022000000000;CONVENCIONAL;PRIVADO;1;A;3;0,00068785200;Alta;3;Avenida Torrencial;1:2.000
400;544980102000001360023000000000;CONVENCIONAL;PRIVADO;1;A;3;0,00109919000;Alta;3;Avenida Torrencial;1:2.000
401;544980102000001360008000000000;CONVENCIONAL;PRIVADO;1;A;3;0,00063998300;Alta;3;Avenida Torrencial;1:2.000
402;544980102000001360008000000000;CONVENCIONAL;PRIVADO;1;A;3;0,00416275000;Alta;3;Avenida Torrencial;1:2.000
403;544980102000001360039000000000;CONVENCIONAL;PRIVADO;1;A;3;0,00147227000;Alta;3;Avenida Torrencial;1:2.000
404;544980102000001360040000000000;CONVENCIONAL;PRIVADO;1;A;3;0,01113110000;Alta;3;Avenida Torrencial;1:2.000
405;544980102000001360025000000000;CONVENCIONAL;PRIVADO;1;A;3;0,00623529000;Alta;3;Avenida Torrencial;1:2.000
406;544980102000001360039000000000;CONVENCIONAL;PRIVADO;1;A;3;0,00065996900;Alta;3;Avenida Torrencial;1:2.000
407;544980102000001360040000000000;CONVENCIONAL;PRIVADO;1;A;3;0,00376237000;Alta;3;Avenida Torrencial;1:2.000
408;544980102000001360040000000000;CONVENCIONAL;PRIVADO;1;A;3;0,00504092000;Alta;3;Avenida Torrencial;1:2.000
409;544980102000001280014000000000;CONVENCIONAL;PRIVADO;1;B;3;0,00707026000;Alta;3;Avenida Torrencial;1:2.000
410;544980102000001280042000000000;CONVENCIONAL;PRIVADO;2;A;3;0,00453185000;Alta;3;Avenida Torrencial;1:2.000
411;544980102000001280044000000000;CONVENCIONAL;PRIVADO;2;A;3;0,00156432000;Alta;3;Avenida Torrencial;1:2.000
412;544980102000001280001000000000;CONVENCIONAL;PRIVADO;1;A;3;0,01669700000;Alta;3;Avenida Torrencial;1:2.000
413;544980102000001280016000000000;CONVENCIONAL;PRIVADO;1;A;3;0,01208150000;Alta;3;Avenida Torrencial;1:2.000
414;544980102000001280017000000000;CONVENCIONAL;PRIVADO;1;A;3;0,00173669000;Alta;3;Avenida Torrencial;1:2.000
415;544980102000001280029000000000;CONVENCIONAL;PRIVADO;1;A;3;0,00021961100;Alta;3;Avenida Torrencial;1:2.000
416;544980102000001280044000000000;CONVENCIONAL;PRIVADO;2;A;3;0,00055165800;Alta;3;Avenida Torrencial;1:2.000
417;544980102000001280042000000000;CONVENCIONAL;PRIVADO;2;A;3;0,00049105800;Alta;3;Avenida Torrencial;1:2.000
418;544980102000001280006000000000;CONVENCIONAL;PRIVADO;1;A;3;0,00517156000;Alta;3;Avenida Torrencial;1:2.000
419;544980102000001280017000000000;CONVENCIONAL;PRIVADO;2;A;3;0,00233473000;Alta;3;Avenida Torrencial;1:2.000
420;544980102000001280017000000000;CONVENCIONAL;PRIVADO;1;A;3;0,00119372000;Alta;3;Avenida Torrencial;1:2.000
421;544980102000001360904901000000;CONVENCIONAL;PRIVADO;1;A;3;0,00014591700;Alta;3;Avenida Torrencial;1:2.000
422;544980103000000380903901000000;CONVENCIONAL;PRIVADO;1;A;3;0,00126853000;Alta;3;Avenida Torrencial;1:2.000
423;544980102000001750012000000000;CONVENCIONAL;PRIVADO;1;A;3;0,00528200000;Alta;3;Avenida Torrencial;1:2.000
424;544980102000001750013000000000;CONVENCIONAL;PRIVADO;1;A;3;0,00911487000;Alta;3;Avenida Torrencial;1:2.000
425;544980101000000180039000000000;CONVENCIONAL;PRIVADO;1;A;3;0,00678928000;Alta;3;Avenida Torrencial;1:2.000
426;544980101000000180046000000000;NO CONVENCIONAL;PRIVADO;1;B;3;0,00050922400;Alta;3;Avenida Torrencial;1:2.000
427;544980101000000180056000000000;NO CONVENCIONAL;PRIVADO;2;B;3;0,00057711700;Alta;3;Avenida Torrencial;1:2.000
428;544980101000000180050000000000;NO CONVENCIONAL;PRIVADO;1;B;3;0,00050920200;Alta;3;Avenida Torrencial;1:2.000
429;544980101000000180043000000000;CONVENCIONAL;PRIVADO;1;A;3;0,00798995000;Alta;3;Avenida Torrencial;1:2.000
430;544980101000000180066000000000;NO CONVENCIONAL;PRIVADO;1;B;3;0,00038435400;Alta;3;Avenida Torrencial;1:2.000
431;544980101000000180059500000001;NO CONVENCIONAL;PRIVADO;1;B;3;0,00067897300;Alta;3;Avenida Torrencial;1:2.000
432;544980101000000180063000000000;CONVENCIONAL;PRIVADO;1;A;3;0,00479206000;Alta;3;Avenida Torrencial;1:2.000
433;544980101000000180055000000000;NO CONVENCIONAL;PRIVADO;1;B;3;0,00050919100;Alta;3;Avenida Torrencial;1:2.000
434;544980101000000180062500000001;NO CONVENCIONAL;PRIVADO;1;B;3;0,00038444500;Alta;3;Avenida Torrencial;1:2.000
435;544980101000000180045500000001;CONVENCIONAL;PRIVADO;1;A/A-B/A;3;0,01036560000;Alta;3;Avenida Torrencial;1:2.000
436;544980101000000180058000000000;CONVENCIONAL;PRIVADO;1;A;3;0,00657586000;Alta;3;Avenida Torrencial;1:2.000
437;544980101000000180038000000000;CONVENCIONAL;PRIVADO;3;A-B/B/A;3;0,00931476000;Alta;3;Avenida Torrencial;1:2.000
438;544980101000000180068500000001;CONVENCIONAL;PRIVADO;2;A;3;0,01017660000;Alta;3;Avenida Torrencial;1:2.000
439;544980101000000180049000000000;CONVENCIONAL;PRIVADO;2;A/B;3;0,00326361000;Alta;3;Avenida Torrencial;1:2.000
440;544980101000000180046000000000;CONVENCIONAL;PRIVADO;3;A/A/A;3;0,00865647000;Alta;3;Avenida Torrencial;1:2.000
441;544980101000000180056000000000;CONVENCIONAL;PRIVADO;2;A;3;0,00571422000;Alta;3;Avenida Torrencial;1:2.000
442;544980101000000180050000000000;CONVENCIONAL;PRIVADO;2;A-B/A;3;0,00646012000;Alta;3;Avenida Torrencial;1:2.000
443;544980101000000180065000000000;CONVENCIONAL;PRIVADO;1;A;3;0,00660446000;Alta;3;Avenida Torrencial;1:2.000
444;544980101000000180065000000000;NO CONVENCIONAL;PRIVADO;1;B;3;0,00038433900;Alta;3;Avenida Torrencial;1:2.000
445;544980101000000180043000000000;NO CONVENCIONAL;PRIVADO;1;B;3;0,00054112500;Alta;3;Avenida Torrencial;1:2.000
446;544980101000000180061000000000;CONVENCIONAL;PRIVADO;1;A-B/A-B;3;0,00741562000;Alta;3;Avenida Torrencial;1:2.000
447;544980101000000180041000000000;CONVENCIONAL;PRIVADO;1;A;3;0,00423930000;Alta;3;Avenida Torrencial;1:2.000
448;544980101000000180066000000000;CONVENCIONAL;PRIVADO;1;A;3;0,00730344000;Alta;3;Avenida Torrencial;1:2.000
449;544980101000000180059500000001;CONVENCIONAL;PRIVADO;2;A;3;0,00562009000;Alta;3;Avenida Torrencial;1:2.000
450;544980101000000180067000000000;CONVENCIONAL;PRIVADO;2;A/B;3;0,00766661000;Alta;3;Avenida Torrencial;1:2.000
451;544980101000000180047000000000;CONVENCIONAL;PRIVADO;1;A;3;0,00602934000;Alta;3;Avenida Torrencial;1:2.000
452;544980101000000180047000000000;NO CONVENCIONAL;PRIVADO;1;B;3;0,00038439800;Alta;3;Avenida Torrencial;1:2.000
453;544980101000000180055000000000;CONVENCIONAL;PRIVADO;1;A;3;0,00805737000;Alta;3;Avenida Torrencial;1:2.000
454;544980101000000180062500000001;CONVENCIONAL;PRIVADO;1;A;3;0,00641807000;Alta;3;Avenida Torrencial;1:2.000
455;544980101000000180069000000000;CONVENCIONAL;PRIVADO;1;A;3;0,00821606000;Alta;3;Avenida Torrencial;1:2.000
456;544980101000000180060000000000;NO CONVENCIONAL;PRIVADO;1;A;3;0,00536736000;Alta;3;Avenida Torrencial;1:2.000
457;544980103000001130002000000000;CONVENCIONAL;PRIVADO;1;A;3;0,00222930000;Alta;3;Avenida Torrencial;1:2.000
458;544980103000001130005000000000;CONVENCIONAL;PRIVADO;1;A;3;0,00216263000;Alta;3;Avenida Torrencial;1:2.000
459;544980103000001130001000000000;CONVENCIONAL;PRIVADO;3;A;3;0,00616922000;Alta;3;Avenida Torrencial;1:2.000
460;544980103000001130006000000000;CONVENCIONAL;PRIVADO;1;A;3;0,00327781000;Alta;3;Avenida Torrencial;1:2.000
461;544980103000001130007000000000;CONVENCIONAL;PRIVADO;1;A;3;0,00173999000;Alta;3;Avenida Torrencial;1:2.000
462;544980101000000990009000000000;CONVENCIONAL;PRIVADO;1;B;3;0,00162106000;Alta;3;Avenida Torrencial;1:2.000
463;544980101000000990009000000000;CONVENCIONAL;PRIVADO;1;B;3;0,00162106000;Alta;3;Avenida Torrencial;1:2.000
